{"cameraMode":{"drawMode":0,"name":"Shaded","section":"Shading Mode"},"sceneLighting":true,"audioPlay":false,"sceneViewState":{"m_AlwaysRefresh":false,"showFog":true,"showSkybox":true,"showFlares":true,"showImageEffects":true,"showParticleSystems":true,"showVisualEffectGraphs":true,"m_FxEnabled":true},"in2DMode":false,"pivot":{"x":0.05872507020831108,"y":-0.26342731714248659,"z":-0.0011162557639181615},"rotation":{"x":-0.18704089522361756,"y":0.7993773818016052,"z":-0.3136459290981293,"w":-0.4772184491157532},"size":0.7002958655357361,"orthographic":false}