{"cameraMode":{"drawMode":0,"name":"Shaded","section":"Shading Mode"},"sceneLighting":true,"audioPlay":false,"sceneViewState":{"m_AlwaysRefresh":false,"showFog":true,"showSkybox":true,"showFlares":true,"showImageEffects":true,"showParticleSystems":true,"showVisualEffectGraphs":true,"m_FxEnabled":true},"in2DMode":false,"pivot":{"x":0.08293864130973816,"y":0.024568036198616029,"z":-0.022885233163833619},"rotation":{"x":-0.010926746763288975,"y":0.9886510372161865,"z":-0.1195225641131401,"w":-0.09041833132505417},"size":0.20855621993541718,"orthographic":false}