{"cameraMode":{"drawMode":0,"name":"Shaded","section":"Shading Mode"},"sceneLighting":true,"audioPlay":false,"sceneViewState":{"m_AlwaysRefresh":false,"showFog":true,"showSkybox":true,"showFlares":true,"showImageEffects":true,"showParticleSystems":true,"showVisualEffectGraphs":true,"m_FxEnabled":true},"in2DMode":false,"pivot":{"x":0.18306604027748109,"y":-0.20420260727405549,"z":-0.04242818430066109},"rotation":{"x":0.2036108374595642,"y":-0.5665412545204163,"z":0.14694978296756745,"w":0.7848842740058899},"size":0.3024046719074249,"orthographic":false}